HC Diffs;;;;;;;;;;;;;;;;;;;
GS Reference Mapper Not yet run; Mon Feb 02 18:11:43 MSK 2015;;;;;;;;;;;;;;;;;;
/home/adminrig/Desktop/MID7;;;;;;;;;;;;;;;;;;;
  ;;;;;;;;;;;;;;;;;;;
Reference Accession Number;Start Position in Ref;End Position in Ref;Reference Bases;Variation Bases;Total Variation Percent;Total Depth;Reference Amino Acids;Variation Amino Acids;Coding Frame;Region Name;Known SNP Info;Near SNP Info;Percent Forward With Variation;Percent Reverse With Variation;Num Forward With Variation;Num Reverse With Variation;Total Num Forward Reads;Total Num Reverse Reads;Targeted Region Status
chr1;25868969;25868969;C;T;12.לאי;24;;;;;;;14.לאנ;10.0;2;1;14;10;InExtRegion
chr1;25869550;25869550;A;-;56.7;30;;;;;;rs78126535;68.8;42.9;11;6;16;14;InRegion
chr1;25880281;25880282;GA;-;17.ט‏ם;34;;;+;LDLRAP1;;rs78314465,rs34367689;30.אגד;09.לאי;4;2;13;21;InRegion
chr1;25884492;25884492;G;A;53.9;89;;;+;LDLRAP1;rs34253960;rs34136392,rs146446252;51.1;56.8;23;25;45;44;InRegion
chr1;25884497;25884497;T;G;52.7;91;;;+;LDLRAP1;rs34136392;rs34253960,rs146446252;50.0;55.6;23;25;46;45;InRegion
chr1;25885528;25885528;G;A;46.3;67;;;+;LDLRAP1;rs61776821;;58.3;32.3;21;10;36;31;InRegion
chr1;25885592;25885592;G;A;48.6;72;;;+;LDLRAP1;rs61776822;;59.0;36.4;23;12;39;33;InRegion
chr1;25887525;25887525;G;A;44.1;68;;;+;LDLRAP1;rs61776823;;50.0;38.9;16;14;32;36;InRegion
chr1;25889422;25889422;C;T;54.1;37;;;+;LDLRAP1;rs12096438;;51.9;60.0;14;6;27;10;InRegion
chr1;25889672;25889672;G;A;43.3;30;;;+;LDLRAP1;rs6688931;;33.3;53.3;5;8;15;15;InRegion
chr1;25889917;25889917;T;C;55.6;36;;;+;LDLRAP1;rs6701596;;53.3;57.1;8;12;15;21;InRegion
chr1;25890050;25890050;A;G;50.0;42;;;+;LDLRAP1;rs6661159;;47.4;52.2;9;12;19;23;InRegion
chr1;25890189;25890189;A;G;55.6;45;T;T;2;LDLRAP1;rs28969504;rs114583297;57.7;52.6;15;10;26;19;InRegion
chr1;25890835;25890835;G;A;46.8;77;;;+;LDLRAP1;rs4075184;;50.0;42.4;22;14;44;33;InRegion
chr1;25891174;25891174;G;A;56.0;91;;;+;LDLRAP1;rs3856239;;58.0;53.7;29;22;50;41;InRegion
chr1;25891959;25891959;G;A;45.7;70;;;+;LDLRAP1;rs56214942;;51.3;38.7;20;12;39;31;InRegion
chr1;25891971;25891971;C;T;44.3;70;;;+;LDLRAP1;rs11799800;rs116760995;50.0;37.5;19;12;38;32;InRegion
chr1;25892298;25892298;G;T;41.3;63;;;+;LDLRAP1;rs4400597;rs114889477;44.4;38.9;12;14;27;36;InRegion
chr1;25892525;25892525;T;C;54.3;81;;;+;LDLRAP1;rs3856240;;56.8;51.4;25;19;44;37;InRegion
chr1;25892880;25892880;T;G;48.5;68;;;+;LDLRAP1;rs3924486;;51.7;46.2;15;18;29;39;InRegion
chr1;25893221;25893221;G;T;53.7;54;;;+;LDLRAP1;rs4523506;;54.8;52.2;17;12;31;23;InRegion
chr1;25893242;25893242;T;C;54.5;55;;;+;LDLRAP1;rs4418583;rs35137241,rs4603124;56.3;52.2;18;12;32;23;InRegion
chr1;25893243;25893243;G;A;54.5;55;;;+;LDLRAP1;rs4603124;rs4418583,rs35137241;56.3;52.2;18;12;32;23;InRegion
chr1;25894468;25894468;-;TG;100.0;91;;;+;LDLRAP1;rs72508770,rs10635955,rs35404475;rs200927129,rs183012384;100.0;100.0;53;38;53;38;InRegion
chr1;25894853;25894853;G;T;57.6;66;;;+;LDLRAP1;rs11563;rs187759391,rs12562851;66.7;44.4;26;12;39;27;InRegion
chr1;25895238;25895238;C;T;55.4;56;;;+;LDLRAP1;rs7491;;53.1;58.3;17;14;32;24;InRegion
chr1;25895277;25895277;G;A;49.2;59;;;+;LDLRAP1;rs4537542;rs10062;50.0;48.1;16;13;32;27;InRegion
chr1;25895406;25895406;C;T;47.8;67;;;;;rs3924236;rs188001742;47.4;48.3;18;14;38;29;InRegion
chr1;25895526;25895526;G;A;43.8;64;;;;;rs3924235;;48.6;37.9;17;11;35;29;InRegion
chr1;25895599;25895599;T;C;48.4;64;;;;;rs3924234;;42.9;55.2;15;16;35;29;InRegion
chr1;25896021;25896021;A;G;52.8;53;;;;;rs11247899;;37.9;70.8;11;17;29;24;InRegion
chr1;25896065;25896065;T;C;54.9;51;;;;;rs11247902;;44.8;68.2;13;15;29;22;InRegion
chr1;55504188;55504188;C;G;52.4;63;;;;;rs2479408;;51.3;54.2;20;13;39;24;InRegion
chr1;55504650;55504650;G;A;46.6;58;;;;;rs2479409;;56.3;34.6;18;9;32;26;InRegion
chr1;55505647;55505647;G;T;41.7;36;R;L;1;PCSK9;rs11591147;rs28385701;41.2;42.1;7;8;17;19;InRegion
chr1;55505732;55505732;A;G;100.0;37;;;+;PCSK9;rs2495482;;100.0;100.0;18;19;18;19;InRegion
chr1;55505861;55505861;G;A;50.0;44;;;+;PCSK9;rs2479410;;45.8;55.0;11;11;24;20;InRegion
chr1;55507649;55507649;C;T;51.1;45;;;+;PCSK9;rs11206513;;70.0;45.7;7;16;10;35;InRegion
chr1;55507882;55507882;C;T;41.2;51;;;+;PCSK9;rs6681159;;56.0;26.סום;14;7;25;26;InRegion
chr1;55508186;55508186;T;A;98.4;61;;;+;PCSK9;rs2495481;rs28362214;100.0;96.4;33;27;33;28;InRegion
chr1;55509213;55509213;G;C;51.5;66;;;+;PCSK9;rs10888896;rs186969681,rs190912065,rs113138552;56.3;47.1;18;16;32;34;InRegion
chr1;55511471;55511471;C;T;37.3;51;;;+;PCSK9;rs7530425;rs45487891;23.םג;52.0;6;13;26;25;InRegion
chr1;55512549;55512549;T;C;98.4;62;;;+;PCSK9;rs499718;;96.9;100.0;31;30;32;30;InRegion
chr1;55512882;55512882;G;C;46.9;49;;;+;PCSK9;rs502576;rs114587475;50.0;42.9;14;9;28;21;InRegion
chr1;55513061;55513061;T;C;59.6;47;;;+;PCSK9;rs10888897;;58.6;61.1;17;11;29;18;InRegion
chr1;55513521;55513521;C;G;54.3;70;;;+;PCSK9;rs529787;;62.2;45.5;23;15;37;33;InRegion
chr1;55513725;55513725;T;A;93.0;71;;;+;PCSK9;rs531701;rs147382971;100.0;87.5;31;35;31;40;InRegion
chr1;55514046;55514046;G;T;100.0;56;;;+;PCSK9;rs534473;;100.0;100.0;30;26;30;26;InRegion
chr1;55514182;55514182;T;C;100.0;56;;;+;PCSK9;rs535471;;100.0;100.0;28;28;28;28;InRegion
chr1;55514215;55514215;G;T;100.0;55;;;+;PCSK9;rs557211;;100.0;100.0;27;28;27;28;InRegion
chr1;55514611;55514611;A;T;58.5;53;;;+;PCSK9;rs676297;;52.6;61.8;10;21;19;34;InRegion
chr1;55514973;55514973;G;C;100.0;47;;;+;PCSK9;rs563869;;100.0;100.0;25;22;25;22;InRegion
chr1;55515481;55515481;C;T;49.2;63;;;+;PCSK9;rs7543163;rs140352206;50.0;47.8;20;11;40;23;InRegion
chr1;55515537;55515537;C;T;56.1;66;;;+;PCSK9;rs479832;;58.5;52.0;24;13;41;25;InRegion
chr1;55516004;55516004;C;A;48.3;58;;;+;PCSK9;rs11206514;;52.0;45.5;13;15;25;33;InRegion
chr1;55516188;55516188;C;T;53.1;64;;;+;PCSK9;rs11206515;;52.9;53.3;18;16;34;30;InRegion
chr1;55516508;55516508;A;G;53.0;66;;;+;PCSK9;rs10888898;;53.8;51.9;21;14;39;27;InRegion
chr1;55516781;55516781;G;T;100.0;56;;;+;PCSK9;rs599037;;100.0;100.0;38;18;38;18;InRegion
chr1;55517344;55517344;C;T;56.0;75;;;+;PCSK9;rs572512;;50.0;62.9;20;22;40;35;InRegion
chr1;55517861;55517861;C;G;38.0;50;;;+;PCSK9;rs613855;;41.7;34.6;10;9;24;26;InRegion
chr1;55517883;55517883;C;G;42.6;54;;;+;PCSK9;rs624612;;46.2;39.3;12;11;26;28;InRegion
chr1;55518166;55518166;G;A;48.9;47;;;+;PCSK9;rs625619;rs11806638;45.0;51.9;9;14;20;27;InRegion
chr1;55518528;55518528;C;A;100.0;47;;;+;PCSK9;rs494198;rs144110510;100.0;100.0;21;26;21;26;InRegion
chr1;55518682;55518682;C;T;61.8;55;;;+;PCSK9;rs2479413;;72.0;53.3;18;16;25;30;InRegion
chr1;55518752;55518752;C;T;60.0;60;;;+;PCSK9;rs7552841;;65.6;53.6;21;15;32;28;InRegion
chr1;55519015;55519015;G;T;100.0;68;;;+;PCSK9;rs639750;rs12082241;100.0;100.0;36;32;36;32;InRegion
chr1;55519174;55519174;G;A;100.0;66;;;+;PCSK9;rs499883;;100.0;100.0;32;34;32;34;InRegion
chr1;55519238;55519238;C;T;100.0;68;;;+;PCSK9;rs521662;rs45545732,rs34315892;100.0;100.0;28;40;28;40;InRegion
chr1;55520212;55520212;G;A;100.0;53;;;+;PCSK9;rs1165287;rs185003821;100.0;100.0;37;16;37;16;InRegion
chr1;55520265;55520265;T;C;100.0;51;;;+;PCSK9;rs634272;;100.0;100.0;37;14;37;14;InRegion
chr1;55520408;55520408;G;C;97.7;43;;;+;PCSK9;rs553741;;100.0;91.7;31;11;31;12;InRegion
chr1;55520443;55520443;G;C;43.9;41;;;+;PCSK9;;rs11804420,rs141855360;43.3;45.5;13;5;30;11;InRegion
chr1;55520446;55520446;A;G;41.9;43;;;+;PCSK9;rs11804420;rs141855360;43.3;38.5;13;5;30;13;InRegion
chr1;55520864;55520864;A;G;100.0;46;;;+;PCSK9;rs557435;;100.0;100.0;20;26;20;26;InRegion
chr1;55521109;55521109;G;A;100.0;58;;;+;PCSK9;rs693668;;100.0;100.0;28;30;28;30;InRegion
chr1;55521242;55521242;T;G;100.0;62;;;+;PCSK9;rs471705;;100.0;100.0;31;31;31;31;InRegion
chr1;55521313;55521313;G;T;100.0;67;;;+;PCSK9;rs472495;;100.0;100.0;30;37;30;37;InRegion
chr1;55522141;55522141;A;G;100.0;28;;;+;PCSK9;rs479910;;100.0;100.0;20;8;20;8;InRegion
chr1;55522613;55522613;T;-;91.1;56;;;+;PCSK9;rs11310630;rs67560679,rs45479392,rs111830949,rs28362257;100.0;77.3;34;17;34;22;InRegion
chr1;55522742;55522742;-;GGTC;100.0;51;;;+;PCSK9;rs10674598,rs33957760;rs145963799,rs201301220,rs149093957,rs45481900,rs201160931,rs68111993;100.0;100.0;26;25;26;25;InRegion
chr1;55523033;55523033;A;G;100.0;53;Q;Q;1;PCSK9;rs509504;rs72646513;100.0;100.0;23;30;23;30;InRegion
chr1;55523361;55523361;A;G;100.0;61;;;+;PCSK9;rs533375;;100.0;100.0;23;38;23;38;InRegion
chr1;55523483;55523483;C;T;100.0;60;;;+;PCSK9;rs534347;;100.0;100.0;24;36;24;36;InRegion
chr1;55523984;55523984;C;T;100.0;53;;;+;PCSK9;rs584626;;100.0;100.0;25;28;25;28;InRegion
chr1;55524197;55524197;A;G;100.0;43;V;V;2;PCSK9;rs540796;;100.0;100.0;30;13;30;13;InRegion
chr1;55524237;55524237;G;A;100.0;47;V;I;2;PCSK9;rs562556;rs28362268;100.0;100.0;32;15;32;15;InRegion
chr1;55524373;55524373;T;C;39.0;59;;;+;PCSK9;rs56295417;rs62959662,rs34669872,rs66655146,rs72353012,rs112112496,rs56215417,rs72263698;56.7;20.ט‏כ;17;6;30;29;InRegion
chr1;55524373;55524387;TGTGTGTGTGTGTGT;C;58.7;46;;;+;PCSK9;;rs62959662,rs34669872,rs56295417,rs66655146,rs72353012,rs112112496,rs56215417,rs72263698,rs563641;100.0;34.5;17;10;17;29;InRegion
chr1;55524388;55524391;GTGT;-;26.םג;46;;;+;PCSK9;;rs34669872,rs66655146,rs72353012,rs56215417,rs72263698,rs563641;41.2;17.פוג;7;5;17;29;InRegion
chr1;55524407;55524407;A;GAC;34.8;46;;;+;PCSK9;;;94.1;0.0;16;0;17;29;InRegion
chr1;55524601;55524601;G;A;100.0;56;;;+;PCSK9;rs565436;;100.0;100.0;24;32;24;32;InRegion
chr1;55524842;55524842;G;A;96.7;60;;;+;PCSK9;rs568052;;96.6;96.8;28;30;29;31;InRegion
chr1;55525400;55525400;G;A;100.0;52;;;+;PCSK9;rs483462;rs45439391;100.0;100.0;21;31;21;31;InRegion
chr1;55525726;55525726;T;G;100.0;49;;;+;PCSK9;rs602705;rs137886411;100.0;100.0;27;22;27;22;InRegion
chr1;55525868;55525868;C;T;100.0;61;;;+;PCSK9;rs603247;;100.0;100.0;31;30;31;30;InRegion
chr1;55526296;55526296;A;G;100.0;67;;;+;PCSK9;rs615563;;100.0;100.0;31;36;31;36;InRegion
chr1;55526685;55526685;G;A;100.0;54;;;+;PCSK9;rs516499;;100.0;100.0;27;27;27;27;InRegion
chr1;55527323;55527323;G;A;98.0;51;;;+;PCSK9;rs630431;rs189842754;100.0;95.7;28;22;28;23;InRegion
chr1;55527479;55527479;A;G;100.0;44;;;+;PCSK9;rs631220;rs28362279;100.0;100.0;22;22;22;22;InRegion
chr1;55527918;55527918;C;T;100.0;59;;;+;PCSK9;rs643257;;100.0;100.0;28;31;28;31;InRegion
chr1;55528435;55528435;T;C;100.0;39;;;+;PCSK9;rs498588;rs111705971;100.0;100.0;21;18;21;18;InRegion
chr1;55529187;55529187;G;A;100.0;53;G;E;1;PCSK9;rs505151;;100.0;100.0;28;25;28;25;InRegion
chr1;55529828;55529828;C;T;100.0;41;;;+;PCSK9;rs662145;;100.0;100.0;27;14;27;14;InRegion
chr1;55530627;55530627;T;G;100.0;71;;;;;rs560784;rs140589509,rs45533031;100.0;100.0;35;36;35;36;InRegion
chr1;55531136;55531136;T;C;100.0;38;;;;;rs597387;rs28362295;100.0;100.0;22;16;22;16;InRegion
chr2;21225281;21225281;C;T;46.6;58;S;N;-1;APOB;rs1042034;rs144018015,rs141339310;55.9;33.3;19;8;34;24;InRegion
chr2;21225912;21225912;C;T;44.9;49;V;M;-1;APOB;rs1801703;rs145704672;40.0;57.1;14;8;35;14;InRegion
chr2;21226560;21226560;A;G;57.6;59;;;-;APOB;rs2678379;;65.5;50.0;19;15;29;30;InRegion
chr2;21228827;21228827;C;T;51.9;77;R;Q;-2;APOB;rs1801701;rs200281802,rs61744151;53.5;50.0;23;17;43;34;InRegion
chr2;21229609;21229609;C;T;61.4;57;L;L;-2;APOB;rs1799812;rs201511950,rs147052564;58.8;65.2;20;15;34;23;InRegion
chr2;21231524;21231524;G;A;52.8;72;P;L;-2;APOB;rs676210;rs376773500;48.7;57.6;19;19;39;33;InRegion
chr2;21232195;21232195;G;A;50.0;72;T;T;-2;APOB;rs693;rs146538280;44.4;55.6;16;20;36;36;InRegion
chr2;21232803;21232803;T;C;100.0;63;I;V;-2;APOB;rs584542;rs372035579,rs1041968,rs13306204,rs375756812,rs201066460;100.0;100.0;36;27;36;27;InRegion
chr2;21232804;21232804;G;A;57.1;63;D;D;-2;APOB;rs1041968;rs372035579,rs584542,rs13306204,rs375756812,rs201066460;58.3;55.6;21;15;36;27;InRegion
chr2;21235475;21235475;T;C;100.0;63;Y;C;-2;APOB;rs568413;rs199776241;100.0;100.0;29;34;29;34;InRegion
chr2;21236482;21236482;A;G;100.0;62;;;-;APOB;rs488329;;100.0;100.0;31;31;31;31;InRegion
chr2;21237544;21237544;G;A;45.7;46;;;-;APOB;rs673548;;34.6;60.0;9;12;26;20;InRegion
chr2;21238413;21238413;C;G;43.1;65;D;H;-3;APOB;rs12713844;;55.6;27.ט‏ם;20;8;36;29;InRegion
chr2;21238897;21238897;T;C;100.0;47;;;-;APOB;rs497166;;100.0;100.0;28;19;28;19;InRegion
chr2;21239667;21239667;T;C;35.0;20;;;-;APOB;rs12720816;rs12720820,rs182567637;40.0;30.0;4;3;10;10;InRegion
chr2;21240031;21240031;A;C;83.3;12;;;-;APOB;rs11680233;;87.5;75.0;7;3;8;4;InRegion
chr2;21240364;21240364;A;G;58.5;53;;;-;APOB;rs11126598;;61.5;55.6;16;15;26;27;InRegion
chr2;21241454;21241454;A;T;100.0;106;;;-;APOB;rs562956;rs199763745;100.0;100.0;56;50;56;50;InRegion
chr2;21244000;21244000;G;T;56.0;91;;;-;APOB;rs10199768;;54.5;57.4;24;27;44;47;InRegion
chr2;21244358;21244358;T;G;52.2;92;;;-;APOB;rs11676704;rs150596879;58.5;47.1;24;24;41;51;InRegion
chr2;21250204;21250204;-;T;24.פוג;33;;;-;APOB;;;16.ט‏כ;25.סום;1;7;6;27;InRegion
chr2;21250223;21250223;G;A;35.3;34;;;-;APOB;rs11901649;;50.0;33.3;2;10;4;30;InRegion
chr2;21250914;21250914;G;A;42.5;80;A;V;-3;APOB;rs679899;rs192869978;37.8;46.5;14;20;37;43;InRegion
chr2;21251040;21251040;T;G;100.0;71;;;-;APOB;rs570877;;100.0;100.0;33;38;33;38;InRegion
chr2;21252391;21252394;GGAA;-;21.ט‏כ;60;;;-;APOB;;rs375375863,rs10595692;41.9;0.0;13;0;31;29;InRegion
chr2;21255573;21255573;-;CATCT;100.0;53;;;-;APOB;rs10701091,rs66636284;rs144004141,rs184773841,rs190024507,rs199984809,rs181691236;100.0;100.0;29;24;29;24;InRegion
chr2;21259562;21259562;T;C;53.6;56;;;-;APOB;rs1469513;;52.2;54.5;12;18;23;33;InRegion
chr2;21259612;21259612;A;G;44.3;61;;;-;APOB;rs520354;rs144506672;38.5;48.6;10;17;26;35;InRegion
chr2;21260529;21260529;-;T;100.0;78;;;-;APOB;rs61403600;rs76397577;100.0;100.0;45;33;45;33;InRegion
chr2;21260601;21260601;G;A;100.0;77;;;-;APOB;rs550619;rs201856206;100.0;100.0;44;33;44;33;InRegion
chr2;21261507;21261507;T;C;100.0;64;;;-;APOB;rs579826;;100.0;100.0;31;33;31;33;InRegion
chr2;21262427;21262427;G;A;40.4;47;;;-;APOB;rs597331;;29.2;52.2;7;12;24;23;InRegion
chr2;21263639;21263639;T;G;98.3;58;;;-;APOB;rs531819;rs35377456,rs1367116;97.1;100.0;34;23;35;23;InRegion
chr2;21263900;21263900;G;A;56.9;58;T;I;-1;APOB;rs1367117;rs186544754,rs143613534,rs200318200;55.2;58.6;16;17;29;29;InRegion
chr2;21265141;21265141;C;A;61.4;57;;;-;APOB;rs661665,rs185166753;;63.0;60.0;17;18;27;30;InRegion
chr2;21267210;21267210;A;G;100.0;45;;;;;rs1800481;;100.0;100.0;26;19;26;19;InRegion
chr2;21267461;21267461;G;A;49.2;61;;;;;rs934197;;56.7;41.9;17;13;30;31;InRegion
chr2;21267782;21267782;T;C;53.3;45;;;;;rs512535;;52.0;55.0;13;11;25;20;InRegion
chr2;21267813;21267813;G;A;100.0;45;;;;;rs1625764;rs72653046,rs74315113;100.0;100.0;25;20;25;20;InRegion
chr2;21267847;21267847;G;T;100.0;43;;;;;rs1560357;;100.0;100.0;25;18;25;18;InRegion
chr11;116699389;116699389;A;G;100.0;15;;;;;;;100.0;100.0;8;7;8;7;InExtRegion
chr11;116699445;116699445;C;A;47.4;19;;;;;;;44.4;50.0;4;5;9;10;InExtRegion
chr11;116699681;116699681;G;A;57.1;21;;;;;rs12721080;rs12721077,rs181671627;62.5;53.8;5;7;8;13;InRegion
chr11;116700777;116700777;G;C;41.7;48;;;+;APOC3;rs618354;rs12721090,rs11827682;45.2;35.3;14;6;31;17;InRegion
chr11;116700860;116700860;C;T;100.0;42;;;+;APOC3;rs734104;;100.0;100.0;22;20;22;20;InRegion
chr11;116701122;116701122;C;G;61.2;49;;;+;APOC3;rs2070669,rs146930192;rs143893093,rs182939465;58.3;64.0;14;16;24;25;InRegion
chr11;116701153;116701153;T;G;60.4;48;;;+;APOC3;rs2070668;;60.0;60.7;12;17;20;28;InRegion
chr11;116701535;116701535;T;C;100.0;45;G;G;2;APOC3;rs4520;rs200557528;100.0;100.0;20;25;20;25;InRegion
chr11;116701850;116701850;T;C;96.6;29;;;+;APOC3;rs5142;rs199696784,rs145735257;96.0;100.0;24;4;25;4;InRegion
chr11;116702123;116702123;T;C;100.0;20;;;+;APOC3;rs5141;rs184842636;100.0;100.0;2;18;2;18;InRegion
chr11;116702362;116702362;T;C;100.0;17;;;+;APOC3;rs645901;rs12721096,rs5137;100.0;100.0;7;10;7;10;InRegion
chr11;116703146;116703146;C;T;100.0;85;;;+;APOC3;rs5130;;100.0;100.0;46;39;46;39;InRegion
chr11;116703640;116703640;G;C;98.4;64;;;+;APOC3;rs5128;rs201360025;100.0;96.8;33;30;33;31;InRegion
chr11;116703671;116703671;G;T;100.0;68;;;+;APOC3;rs4225;;100.0;100.0;33;35;33;35;InRegion
chr11;116704178;116704178;C;A;100.0;78;;;;;rs7123454;rs12284864;100.0;100.0;31;47;31;47;InRegion
chr19;11201129;11201129;-;G;100.0;6;;;+;LDLR;rs72530531,rs59281581,rs33934122;rs57217136,rs180818180,rs113383629;100.0;100.0;3;3;3;3;InRegion
chr19;11210116;11210116;T;C;38.7;31;;;+;LDLR;rs182085555;;38.5;38.9;5;7;13;18;InRegion
chr19;11211439;11211439;T;C;21.פוג;33;;;+;LDLR;;;27.לאנ;18.פוג;3;4;11;22;InRegion
chr19;11215521;11215521;A;C;46.0;63;;;+;LDLR;;;41.2;51.7;14;15;34;29;InRegion
chr19;11216561;11216561;A;C;100.0;30;;;+;LDLR;rs12983082;rs139919212;100.0;100.0;10;20;10;20;InRegion
chr19;11216617;11216617;G;A;51.9;27;;;+;LDLR;rs10422256;;75.0;42.1;6;8;8;19;InRegion
chr19;11216617;11216617;G;-;48.1;27;;;+;LDLR;;rs10422256;25.0;57.9;2;11;8;19;InRegion
chr19;11218713;11218713;C;T;100.0;8;;;+;LDLR;rs17248819;;100.0;100.0;5;3;5;3;InRegion
chr19;11218985;11218985;-;GTT;92.3;13;;;+;LDLR;;rs372231228,rs17242437,rs149760469,rs112379371;80.0;100.0;4;8;5;8;InRegion
chr19;11220381;11220383;ATT;-;30.אגד;13;;;+;LDLR;;;50.0;22.פוג;2;2;4;9;InRegion
chr19;11220738;11220738;-;ATCC;96.2;26;;;+;LDLR;;rs375630222,rs368246395,rs36018670,rs371419941,rs138040661;88.9;100.0;8;17;9;17;InRegion
chr19;11221180;11221180;A;G;100.0;46;;;+;LDLR;rs892116;;100.0;100.0;24;22;24;22;InRegion
chr19;11221454;11221457;TCCG;CCCC;100.0;49;;;+;LDLR;;rs370471092,rs2738442,rs12710260;100.0;100.0;28;21;28;21;InRegion
chr19;11221951;11221951;A;G;45.5;33;;;+;LDLR;rs116886614;rs112541805,rs367875911;50.0;45.2;1;14;2;31;InRegion
chr19;11223670;11223684;TTTTTTTTTTTTTTT;G;19.פוג;26;;;+;LDLR;;rs139589222,rs111322856,rs67178610,rs111362663,rs200277361,rs3980930,rs144312786,rs11668032;12.לאי;22.פוג;1;4;8;18;InRegion
chr19;11223685;11223685;-;GT;80.8;26;;;+;LDLR;rs3980930;rs111322856,rs67178610,rs111362663,rs200277361,rs144312786,rs11668032;100.0;72.2;8;13;8;18;InRegion
chr19;11224181;11224181;C;T;100.0;62;;;+;LDLR;rs1003723;rs369781605;100.0;100.0;27;35;27;35;InRegion
chr19;11224265;11224265;A;G;100.0;51;R;R;3;LDLR;rs5930;rs201967266;100.0;100.0;23;28;23;28;InRegion
chr19;11224491;11224491;A;G;100.0;49;;;+;LDLR;rs1569372;;100.0;100.0;27;22;27;22;InRegion
chr19;11225515;11225515;G;T;100.0;18;;;+;LDLR;rs9789328;rs183842994;100.0;100.0;11;7;11;7;InRegion
chr19;11226543;11226543;A;G;100.0;38;;;+;LDLR;rs1962352;rs17242492;100.0;100.0;26;12;26;12;InRegion
chr19;11227070;11227070;C;T;100.0;60;;;+;LDLR;rs2738445;;100.0;100.0;25;35;25;35;InRegion
chr19;11227326;11227326;C;G;100.0;41;;;+;LDLR;rs2738446;rs111732167;100.0;100.0;23;18;23;18;InRegion
chr19;11227480;11227480;A;C;100.0;43;;;+;LDLR;rs2738447;rs13306499,rs202059208;100.0;100.0;29;14;29;14;InRegion
chr19;11227602;11227602;C;T;100.0;58;N;N;2;LDLR;rs688;rs201971888,rs140644832,rs137929307,rs373371572,rs201102492;100.0;100.0;39;19;39;19;InRegion
chr19;11228512;11228512;G;A;100.0;3;;;+;LDLR;rs28786710;;100.0;100.0;2;1;2;1;InRegion
chr19;11228726;11228726;C;G;93.8;16;;;+;LDLR;rs2738448;;88.9;100.0;8;7;9;7;InRegion
chr19;11228745;11228745;T;C;100.0;19;;;+;LDLR;rs2569550;;100.0;100.0;11;8;11;8;InRegion
chr19;11228783;11228783;C;T;100.0;24;;;+;LDLR;rs2738449;rs180773846;100.0;100.0;13;11;13;11;InRegion
chr19;11228965;11228965;C;A;100.0;39;;;+;LDLR;rs2738450;rs370387111;100.0;100.0;18;21;18;21;InRegion
chr19;11229218;11229218;A;G;100.0;45;;;+;LDLR;rs2738452;rs17249316;100.0;100.0;29;16;29;16;InRegion
chr19;11229577;11229577;T;C;100.0;21;;;+;LDLR;rs2915967;rs189793996,rs372374265,rs369555069;100.0;100.0;15;6;15;6;InRegion
chr19;11229699;11229699;C;A;100.0;11;;;+;LDLR;rs2978614;rs112267469;100.0;100.0;5;6;5;6;InRegion
chr19;11229968;11229968;C;T;100.0;21;;;+;LDLR;rs9789302;;100.0;100.0;9;12;9;12;InRegion
chr19;11230002;11230002;C;T;100.0;19;;;+;LDLR;rs9789303;;100.0;100.0;9;10;9;10;InRegion
chr19;11230523;11230523;-;CA;100.0;47;;;+;LDLR;;rs35653724,rs71164148,rs145774139;100.0;100.0;26;21;26;21;InRegion
chr19;11230645;11230645;T;C;100.0;65;;;+;LDLR;rs2569549;rs145643854,rs140888317;100.0;100.0;36;29;36;29;InRegion
chr19;11230881;11230881;T;C;98.8;86;V;V;1;LDLR;rs5925;;98.1;100.0;51;34;52;34;InRegion
chr19;11232199;11232199;A;G;100.0;14;;;+;LDLR;rs2569546;;100.0;100.0;1;13;1;13;InRegion
chr19;11232230;11232230;G;A;100.0;10;;;+;LDLR;rs2738453;;-;100.0;0;10;0;10;InRegion
chr19;11233941;11233941;A;G;100.0;59;R;R;2;LDLR;rs5927;rs200793488,rs137853963,rs150104358;100.0;100.0;29;30;29;30;InRegion
chr19;11234591;11234591;G;A;50.0;24;;;+;LDLR;rs17248931;rs189428211;44.4;53.3;4;8;9;15;InRegion
chr19;11235934;11235934;A;G;77.8;9;;;+;LDLR;rs73017025;;66.7;100.0;4;3;6;3;InRegion
chr19;11236121;11236121;C;G;100.0;11;;;+;LDLR;rs2569543;;100.0;100.0;8;3;8;3;InRegion
chr19;11236180;11236180;C;A;88.9;9;;;+;LDLR;rs4804144;rs71164149;83.3;100.0;5;3;6;3;InRegion
chr19;11236378;11236378;G;A;64.3;14;;;+;LDLR;rs4804145;;75.0;50.0;6;3;8;6;InRegion
chr19;11236804;11236804;T;C;52.5;40;;;+;LDLR;rs2738456;;52.6;52.4;10;11;19;21;InRegion
chr19;11237079;11237079;-;T;24.אןנ;41;;;+;LDLR;;rs79411874;18.אגד;28.0;3;7;16;25;InRegion
chr19;11237269;11237269;G;A;46.7;45;;;+;LDLR;rs2738457;rs114052787;43.8;48.3;7;14;16;29;InRegion
chr19;11237296;11237296;T;C;43.2;44;;;+;LDLR;rs2738458;;43.8;42.9;7;12;16;28;InRegion
chr19;11237772;11237772;A;G;100.0;21;;;+;LDLR;rs2569542;;100.0;100.0;7;14;7;14;InRegion
chr19;11238239;11238239;C;G;100.0;47;;;+;LDLR;rs2569540;;100.0;100.0;23;24;23;24;InRegion
chr19;11238399;11238399;G;A;42.6;68;;;+;LDLR;rs2569539;rs369576148;44.4;40.6;16;13;36;32;InRegion
chr19;11238473;11238473;A;C;41.4;70;;;+;LDLR;rs2738459;;45.5;37.8;15;14;33;37;InRegion
chr19;11238492;11238492;A;G;55.7;70;;;+;LDLR;rs12459476;rs111729448;50.0;61.1;17;22;34;36;InRegion
chr19;11238548;11238548;A;G;100.0;76;;;+;LDLR;rs2569538;;100.0;100.0;40;36;40;36;InRegion
chr19;11238766;11238766;G;A;44.4;72;;;+;LDLR;rs369551855;rs372802068;41.7;47.2;15;17;36;36;InRegion
chr19;11238807;11238807;C;T;55.6;72;;;+;LDLR;rs2738460;rs72658868,rs13306501,rs145293532;59.5;51.4;22;18;37;35;InRegion
chr19;11239439;11239439;T;C;48.5;33;;;+;LDLR;rs68141833;;50.0;46.7;9;7;18;15;InRegion
chr19;11240053;11240053;G;A;58.0;50;;;+;LDLR;rs2569537;;64.7;54.5;11;18;17;33;InRegion
chr19;11240794;11240794;C;T;70.0;10;;;+;LDLR;rs2738461;rs187478168;66.7;100.0;6;1;9;1;InRegion
chr19;11241780;11241780;G;A;39.1;46;;;+;LDLR;rs2116899;;30.אגד;50.0;8;10;26;20;InRegion
chr19;11241810;11241810;G;A;36.4;44;;;+;LDLR;rs2116898;;28.0;47.4;7;9;25;19;InRegion
chr19;11241877;11241877;G;A;32.0;50;;;+;LDLR;rs2116897;;29.2;34.6;7;9;24;26;InRegion
chr19;11241915;11241915;A;G;63.0;54;;;+;LDLR;rs6413504;;69.0;56.0;20;14;29;25;InRegion
chr19;11242044;11242044;G;A;39.3;56;;;+;LDLR;rs14158;rs17243004;34.4;45.8;11;11;32;24;InRegion
chr19;11242307;11242307;G;C;100.0;61;;;+;LDLR;rs2738464;;100.0;100.0;32;29;32;29;InRegion
chr19;11242496;11242496;G;A;51.5;68;;;+;LDLR;rs2738465;;51.9;51.2;14;21;27;41;InRegion
chr19;11242658;11242658;T;C;100.0;66;;;+;LDLR;rs1433099;;100.0;100.0;25;41;25;41;InRegion
chr19;11242765;11242765;A;G;53.2;62;;;+;LDLR;rs2738466;;39.1;61.5;9;24;23;39;InRegion
chr19;11243160;11243160;G;A;31.אגד;44;;;+;LDLR;rs17242683;rs17249379;29.2;35.0;7;7;24;20;InRegion
chr19;11243160;11243160;G;A;23.לאנ;43;;;+;LDLR;rs17242683;rs17249379;26.םג;20.0;6;4;23;20;InRegion
chr19;11243209;11243209;C;AG;97.1;35;;;+;LDLR;rs376570456;rs34113544,rs3180023,rs79641833,rs72658875;100.0;93.8;19;15;19;16;InRegion
chr19;11243254;11243254;T;C;100.0;27;;;+;LDLR;rs2915966;rs2978615;100.0;100.0;15;12;15;12;InRegion
chr19;11243260;11243260;C;T;46.2;26;;;+;LDLR;rs2978615;rs2915966;40.0;54.5;6;6;15;11;InRegion
chr19;11243328;11243328;C;G;57.9;19;;;+;LDLR;rs72658877,rs1138805;rs10415069,rs186461273;72.7;37.5;8;3;11;8;InRegion
chr19;11243368;11243368;T;C;50.0;14;;;+;LDLR;rs55903358;rs191796971,rs13344419;71.4;28.ט‏ם;5;2;7;7;InRegion
chr19;11243445;11243445;A;G;41.2;17;;;+;LDLR;rs5742911;rs190954582;60.0;14.לאנ;6;1;10;7;InRegion
chr19;11243502;11243502;T;C;66.7;12;;;+;LDLR;rs17249057;;80.0;0.0;8;0;10;2;InRegion
chr19;11243542;11243542;A;T;71.4;14;;;+;LDLR;rs143587805;;83.3;0.0;10;0;12;2;InRegion
chr19;11243592;11243592;G;T;90.0;10;;;+;LDLR;rs17249064;;85.7;100.0;6;3;7;3;InRegion
chr19;11243735;11243735;C;T;23.לאי;17;;;+;LDLR;rs2738467;;30.0;14.לאנ;3;1;10;7;InRegion
chr19;11244782;11244782;C;T;64.3;14;;;;;rs8112638;rs202032704,rs12611315;-;64.3;0;9;0;14;InRegion
chr19;11245453;11245453;C;T;42.9;14;;;;;rs4804565;rs72658882;25.0;50.0;1;5;4;10;InRegion
chr19;11245469;11245469;A;G;42.9;14;;;;;rs4804566;rs374961772,rs4804567;25.0;50.0;1;5;4;10;InRegion
chr19;11245472;11245472;T;C;100.0;14;;;;;rs4804567;rs4804566,rs374961772;100.0;100.0;4;10;4;10;InRegion
chr19;11245604;11245604;T;A;23.םג;13;;;;;;;20.0;25.0;1;2;5;8;InExtRegion
